{
  "rmse": 2878.6352818431565,
  "mae": 2082.039417351385
}